file_name,relationship
1.jpg,above
2.jpg,above
3.jpg,above
4.jpg,above
5.jpg,above
6.jpg,above
7.jpg,above
8.jpg,above
9.jpg,above
10.jpg,above
11.jpg,above
12.jpg,has
13.jpg,has
14.jpg,has
15.jpg,has
16.jpg,has
17.jpg,has
18.jpg,has
19.jpg,has
20.jpg,has
21.jpg,has
23.jpg,has
24.jpg,has
25.jpg,has
26.jpg,has
27.jpg,has
28.jpg,has
29.jpg,has
30.jpg,has
31.jpg,above
32.jpg,above
33.jpg,above
34.jpg,above
35.jpg,above
36.jpg,above
37.jpg,above
38.jpg,above
39.jpg,above
40.jpg,above
41.jpg,in
42.jpg,in
43.jpg,in
44.jpg,in
45.jpg,in
46.jpg,in
47.jpg,in
48.jpg,in
49.jpg,in
50.jpg,in
51.jpg,on the top of
52.jpg,on the top of
53.jpg,on the top of
54.jpg,on the top of
55.jpg,on the top of
56.jpg,on the top of
57.jpg,on the top of
58.jpg,on the top of
59.jpg,on the top of
61.jpg,under
62.jpg,under
63.jpg,under
64.jpg,under
65.jpg,under
66.jpg,on the top of
67.jpg,on the top of
68.jpg,ride
69.jpg,ride
70.jpg,on the top of
74.jpg,ride
76.jpg,wear
77.jpg,wear
78.jpg,wear
80.jpg,on the top of
81.jpg,on the top of
82.jpg,on the top of
83.jpg,on the top of
84.jpg,on the top of
85.jpg,on the top of
86.jpg,on the top of
87.jpg,on the top of
88.jpg,on the top of
89.jpg,on the top of
90.jpg,on the top of
91.jpg,on the top of
92.jpg,on the top of
93.jpg,on the top of
94.jpg,on the top of
95.jpg,on the top of
96.jpg,on the top of
102.jpg,rest on
103.jpg,rest on
104.jpg,rest on
105.jpg,rest on
106.jpg,rest on
107.jpg,rest on
108.jpg,rest on
109.jpg,ride
110.jpg,rest on
111.jpg,rest on
112.jpg,rest on
114.jpg,pull
115.jpg,pull
116.jpg,pull
117.jpg,pull
118.jpg,pull
119.jpg,pull
120.jpg,pull
121.jpg,pull
122.jpg,pull
123.jpg,pull
124.jpg,pull
126.jpg,pull
127.jpg,pull
128.jpg,pull
129.jpg,pull
130.jpg,pull
131.jpg,pull
132.jpg,pull
133.jpg,pull
134.jpg,pull
135.jpg,pull
136.jpg,pull
137.jpg,pull
138.jpg,pull
139.jpg,ride
140.jpg,ride
141.jpg,ride
142.jpg,ride
143.jpg,ride
144.jpg,ride
145.jpg,ride
146.jpg,ride
147.jpg,ride
148.jpg,ride
149.jpg,drive
150.jpg,ride
151.jpg,ride
152.jpg,ride
153.jpg,ride
154.jpg,ride
155.jpg,ride
156.jpg,ride
157.jpg,ride
158.jpg,ride
159.jpg,ride
160.jpg,wear
161.jpg,ride
162.jpg,ride
163.jpg,ride
164.jpg,ride
165.jpg,ride
166.jpg,ride
171.jpg,taller than
172.jpg,taller than
173.jpg,taller than
174.jpg,taller than
175.jpg,taller than
176.jpg,taller than
177.jpg,taller than
178.jpg,taller than
179.jpg,taller than
180.jpg,taller than
181.jpg,taller than
182.jpg,taller than
183.jpg,taller than
184.jpg,wear
185.jpg,wear
186.jpg,wear
187.jpg,wear
188.jpg,wear
189.jpg,wear
190.jpg,wear
191.jpg,wear
192.jpg,wear
193.jpg,wear
194.jpg,wear
195.jpg,wear
196.jpg,wear
197.jpg,wear
198.jpg,wear
199.jpg,wear
200.jpg,wear
201.jpg,wear
202.jpg,wear
203.jpg,under
204.jpg,taller than
206.jpg,sleep on
207.jpg,sleep on
208.jpg,carry
209.jpg,carry
210.jpg,carry
211.jpg,carry
212.jpg,carry
213.jpg,carry
214.jpg,carry
215.jpg,carry
216.jpg,carry
217.jpg,carry
218.jpg,ride
219.jpg,ride
220.jpg,ride
221.jpg,ride
222.jpg,ride
223.jpg,ride
224.jpg,wear
225.jpg,wear
226.jpg,wear
227.jpg,wear
228.jpg,wear
229.jpg,wear
230.jpg,on the top of
231.jpg,on the top of
232.jpg,on the top of
233.jpg,on the top of
234.jpg,on
236.jpg,on the top of
239.jpg,carry
240.jpg,carry
241.jpg,carry
242.jpg,carry
243.jpg,carry
244.jpg,carry
245.jpg,carry
246.jpg,carry
247.jpg,carry
248.jpg,carry
249.jpg,carry
250.jpg,carry
251.jpg,carry
252.jpg,carry
253.jpg,carry
254.jpg,carry
255.jpg,carry
256.jpg,carry
257.jpg,hold
258.jpg,hold
259.jpg,hold
260.jpg,hold
261.jpg,hold
262.jpg,hold
263.jpg,hold
264.jpg,hold
265.jpg,hold
266.jpg,hold
269.jpg,hold
270.jpg,hold
271.jpg,hold
272.jpg,hold
273.jpg,hold
274.jpg,hold
277.jpg,hold
280.jpg,hold
281.jpg,hold
282.jpg,in
283.jpg,in
284.jpg,in
285.jpg,in
286.jpg,in
287.jpg,in
288.jpg,in
289.jpg,in
290.jpg,in
291.jpg,in
292.jpg,in
293.jpg,in
294.jpg,inside
295.jpg,inside
296.jpg,inside
297.jpg,inside
298.jpg,inside
299.jpg,inside
300.jpg,inside
301.jpg,inside
302.jpg,inside
303.jpg,inside
304.jpg,inside
305.jpg,inside
306.jpg,inside
307.jpg,inside
310.jpg,on the top of
311.jpg,on the top of
312.jpg,on the top of
313.jpg,on the top of
314.jpg,on the top of
315.jpg,on the top of
316.jpg,on the top of
317.jpg,on the top of
318.jpg,on the top of
319.jpg,on the top of
320.jpg,on the top of
321.jpg,on the top of
322.jpg,on the top of
323.jpg,on the top of
324.jpg,on the top of
325.jpg,on the top of
326.jpg,on the top of
327.jpg,on the top of
328.jpg,on the top of
329.jpg,on the top of
330.jpg,on the top of
331.jpg,on the top of
332.jpg,on the top of
333.jpg,on the top of
334.jpg,on the top of
335.jpg,on the top of
336.jpg,on the top of
337.jpg,on the top of
338.jpg,on the top of
339.jpg,on the top of
340.jpg,on the top of
341.jpg,on the top of
342.jpg,above
343.jpg,above
344.jpg,above
345.jpg,above
346.jpg,above
347.jpg,above
348.jpg,above
349.jpg,above
350.jpg,above
351.jpg,above
352.jpg,above
353.jpg,above
354.jpg,above
355.jpg,above
356.jpg,above
357.jpg,above
358.jpg,above
359.jpg,above
360.jpg,above
361.jpg,above
362.jpg,above
363.jpg,above
365.jpg,above
366.jpg,above
367.jpg,above
368.jpg,pull
369.jpg,pull
370.jpg,pull
371.jpg,pull
372.jpg,pull
373.jpg,pull
374.jpg,pull
375.jpg,pull
376.jpg,pull
377.jpg,pull
381.jpg,ride
382.jpg,ride
383.jpg,ride
384.jpg,ride
385.jpg,ride
386.jpg,ride
387.jpg,ride
388.jpg,ride
389.jpg,ride
390.jpg,ride
391.jpg,ride
392.jpg,ride
393.jpg,ride
394.jpg,ride
395.jpg,ride
396.jpg,ride
397.jpg,ride
398.jpg,ride
399.jpg,ride
400.jpg,ride
401.jpg,ride
402.jpg,ride
403.jpg,ride
404.jpg,ride
405.jpg,ride
406.jpg,ride
407.jpg,ride
408.jpg,ride
409.jpg,ride
410.jpg,ride
411.jpg,ride
412.jpg,ride
413.jpg,ride
414.jpg,ride
415.jpg,in
416.jpg,in
417.jpg,in
418.jpg,in
419.jpg,in
420.jpg,in
421.jpg,in
422.jpg,in
423.jpg,in
424.jpg,in
425.jpg,in
426.jpg,in
427.jpg,stand on
428.jpg,stand on
429.jpg,stand on
430.jpg,stand on
431.jpg,stand on
432.jpg,stand on
433.jpg,stand on
434.jpg,stand on
435.jpg,stand on
436.jpg,stand on
437.jpg,stand on
438.jpg,stand on
439.jpg,stand on
440.jpg,stand on
441.jpg,stand on
442.jpg,stand on
443.jpg,stand on
444.jpg,stand on
445.jpg,stand on
446.jpg,stand on
447.jpg,stand on
448.jpg,stand on
449.jpg,stand on
450.jpg,stand on
451.jpg,stand on
452.jpg,stand on
453.jpg,stand on
454.jpg,stand on
455.jpg,stand on
456.jpg,taller than
457.jpg,taller than
458.jpg,taller than
459.jpg,taller than
460.jpg,taller than
461.jpg,taller than
462.jpg,taller than
463.jpg,taller than
464.jpg,taller than
465.jpg,taller than
466.jpg,taller than
467.jpg,under
468.jpg,under
469.jpg,under
470.jpg,under
471.jpg,under
472.jpg,under
473.jpg,under
474.jpg,under
475.jpg,under
476.jpg,under
477.jpg,under
478.jpg,under
479.jpg,under
480.jpg,under
481.jpg,under
482.jpg,under
483.jpg,under
484.jpg,under
485.jpg,under
486.jpg,under
487.jpg,under
488.jpg,wear
489.jpg,wear
490.jpg,wear
491.jpg,wear
492.jpg,wear
493.jpg,wear
494.jpg,on the top of
495.jpg,on the top of
496.jpg,on the top of
497.jpg,on the top of
498.jpg,on the top of
499.jpg,on the top of
500.jpg,on the top of
501.jpg,on the top of
502.jpg,on the top of
503.jpg,on the top of
504.jpg,on the top of
505.jpg,on the top of
506.jpg,on the top of
507.jpg,above
508.jpg,on the top of
509.jpg,hold
510.jpg,hold
511.jpg,hold
512.jpg,hold
513.jpg,hold
514.jpg,hold
515.jpg,hold
516.jpg,hold
517.jpg,hold
518.jpg,hold
519.jpg,on the top of
520.jpg,hold
521.jpg,inside
522.jpg,inside
523.jpg,inside
524.jpg,inside
525.jpg,inside
526.jpg,inside
527.jpg,inside
528.jpg,inside
529.jpg,inside
530.jpg,on the top of
531.jpg,inside
532.jpg,inside
533.jpg,inside
534.jpg,inside
535.jpg,inside
536.jpg,inside
537.jpg,inside
538.jpg,inside
539.jpg,inside
540.jpg,inside
541.jpg,on the top of
542.jpg,inside
543.jpg,inside
544.jpg,inside
545.jpg,hold
546.jpg,cover
547.jpg,cover
548.jpg,cover
549.jpg,cover
550.jpg,cover
551.jpg,cover
552.jpg,on the top of
553.jpg,cover
554.jpg,cover
555.jpg,cover
556.jpg,cover
557.jpg,cover
558.jpg,cover
559.jpg,cover
560.jpg,cover
561.jpg,cover
562.jpg,cover
563.jpg,on the top of
564.jpg,wear
565.jpg,wear
566.jpg,wear
567.jpg,wear
568.jpg,wear
569.jpg,wear
570.jpg,wear
571.jpg,wear
572.jpg,wear
574.jpg,on the top of
575.jpg,wear
576.jpg,wear
577.jpg,wear
578.jpg,wear
580.jpg,taller than
581.jpg,taller than
582.jpg,ride
585.jpg,taller than
586.jpg,taller than
587.jpg,taller than
588.jpg,taller than
589.jpg,taller than
590.jpg,on the top of
591.jpg,taller than
592.jpg,taller than
593.jpg,taller than
594.jpg,taller than
595.jpg,taller than
596.jpg,taller than
597.jpg,taller than
598.jpg,taller than
599.jpg,ride
600.jpg,ride
601.jpg,on the top of
602.jpg,ride
603.jpg,ride
604.jpg,ride
605.jpg,ride
606.jpg,ride
607.jpg,ride
608.jpg,ride
609.jpg,ride
610.jpg,ride
611.jpg,ride
612.jpg,above
613.jpg,on the top of
614.jpg,ride
615.jpg,ride
616.jpg,ride
617.jpg,ride
618.jpg,ride
619.jpg,ride
620.jpg,ride
621.jpg,ride
622.jpg,above
623.jpg,above
624.jpg,on the top of
625.jpg,above
626.jpg,above
627.jpg,above
628.jpg,above
629.jpg,above
630.jpg,above
631.jpg,above
632.jpg,above
633.jpg,above
634.jpg,above
635.jpg,on the top of
636.jpg,above
637.jpg,above
638.jpg,above
639.jpg,above
640.jpg,above
641.jpg,above
642.jpg,above
643.jpg,above
644.jpg,above
645.jpg,above
646.jpg,on the top of
647.jpg,above
648.jpg,has
649.jpg,has
650.jpg,has
651.jpg,above
652.jpg,above
653.jpg,above
654.jpg,above
655.jpg,above
656.jpg,above
657.jpg,ride
658.jpg,above
659.jpg,above
660.jpg,on the top of
661.jpg,hold
662.jpg,hold
663.jpg,hold
664.jpg,ride
665.jpg,ride
666.jpg,ride
667.jpg,ride
668.jpg,on the top of
669.jpg,ride
670.jpg,ride
671.jpg,ride
672.jpg,ride
673.jpg,ride
674.jpg,ride
675.jpg,ride
676.jpg,ride
677.jpg,ride
678.jpg,ride
679.jpg,on the top of
680.jpg,ride
681.jpg,under
682.jpg,under
684.jpg,under
685.jpg,under
686.jpg,on the top of
687.jpg,on the top of
688.jpg,on the top of
689.jpg,on the top of
690.jpg,on the top of
691.jpg,on the top of
692.jpg,on the top of
693.jpg,on the top of
694.jpg,on the top of
695.jpg,on the top of
696.jpg,on the top of
697.jpg,on the top of
698.jpg,on the top of
699.jpg,on the top of
700.jpg,on the top of
701.jpg,on the top of
702.jpg,on the top of
703.jpg,on the top of
704.jpg,drive
705.jpg,on the top of
706.jpg,ride
707.jpg,ride
708.jpg,ride
709.jpg,ride
710.jpg,ride
711.jpg,ride
712.jpg,on the top of
713.jpg,ride
714.jpg,ride
721.jpg,wear
722.jpg,wear
723.jpg,on the top of
724.jpg,on the top of
725.jpg,wear
726.jpg,wear
729.jpg,drive
730.jpg,drive
731.jpg,drive
733.jpg,drive
734.jpg,drive
735.jpg,on the top of
736.jpg,drive
737.jpg,drive
738.jpg,drive
739.jpg,drive
740.jpg,wear
741.jpg,drive
742.jpg,in
743.jpg,in
744.jpg,in
745.jpg,in
747.jpg,in
748.jpg,in
749.jpg,in
750.jpg,ride
751.jpg,ride
752.jpg,ride
753.jpg,ride
754.jpg,ride
755.jpg,ride
756.jpg,ride
758.jpg,ride
759.jpg,ride
760.jpg,ride
761.jpg,ride
762.jpg,ride
763.jpg,ride
764.jpg,ride
765.jpg,ride
766.jpg,ride
767.jpg,ride
768.jpg,on the top of
770.jpg,ride
771.jpg,ride
772.jpg,ride
773.jpg,ride
774.jpg,ride
775.jpg,ride
776.jpg,ride
777.jpg,ride
779.jpg,on the top of
781.jpg,pull
782.jpg,pull
783.jpg,pull
784.jpg,pull
785.jpg,pull
786.jpg,pull
788.jpg,pull
789.jpg,pull
790.jpg,on the top of
791.jpg,pull
792.jpg,pull
793.jpg,on the top of
794.jpg,rest on
795.jpg,rest on
796.jpg,rest on
797.jpg,rest on
798.jpg,rest on
799.jpg,rest on
800.jpg,wear
801.jpg,on the top of
802.jpg,wear
803.jpg,wear
804.jpg,wear
805.jpg,wear
806.jpg,wear
807.jpg,wear
808.jpg,wear
809.jpg,wear
810.jpg,wear
811.jpg,wear
812.jpg,on the top of
813.jpg,wear
814.jpg,wear
815.jpg,wear
816.jpg,cover
817.jpg,wear
818.jpg,wear
819.jpg,wear
820.jpg,wear
821.jpg,wear
822.jpg,wear
823.jpg,on the top of
824.jpg,wear
825.jpg,wear
826.jpg,wear
827.jpg,ride
828.jpg,wear
829.jpg,wear
830.jpg,wear
831.jpg,wear
832.jpg,wear
834.jpg,on the top of
835.jpg,on the top of
843.jpg,taller than
846.jpg,in
848.jpg,ride
849.jpg,sleep on
850.jpg,sleep on
852.jpg,sleep on
853.jpg,sleep on
855.jpg,wear
856.jpg,wear
858.jpg,wear
859.jpg,wear
860.jpg,wear
861.jpg,wear
862.jpg,wear
863.jpg,wear
864.jpg,wear
865.jpg,wear
866.jpg,wear
867.jpg,wear
869.jpg,wear
870.jpg,on
871.jpg,on
872.jpg,on
873.jpg,on
874.jpg,on
875.jpg,on
876.jpg,on
877.jpg,ride
879.jpg,on the top of
880.jpg,on the top of
881.jpg,stand on
882.jpg,on the top of
883.jpg,on the top of
884.jpg,on the top of
885.jpg,on the top of
886.jpg,on the top of
887.jpg,on the top of
888.jpg,on the top of
889.jpg,on the top of
891.jpg,on the top of
892.jpg,on the top of
893.jpg,on the top of
894.jpg,on the top of
895.jpg,on the top of
896.jpg,on the top of
897.jpg,on the top of
898.jpg,on the top of
900.jpg,carry
901.jpg,in
902.jpg,carry
903.jpg,carry
904.jpg,carry
905.jpg,carry
906.jpg,carry
907.jpg,carry
908.jpg,carry
909.jpg,carry
910.jpg,carry
911.jpg,carry
912.jpg,in
913.jpg,carry
914.jpg,carry
915.jpg,carry
916.jpg,carry
917.jpg,carry
918.jpg,carry
919.jpg,carry
920.jpg,carry
921.jpg,carry
922.jpg,carry
923.jpg,in
924.jpg,taller than
925.jpg,carry
926.jpg,carry
927.jpg,carry
928.jpg,carry
929.jpg,carry
930.jpg,in
931.jpg,in
932.jpg,in
933.jpg,in
934.jpg,in
935.jpg,in
936.jpg,in
937.jpg,in
938.jpg,in
939.jpg,in
940.jpg,in
941.jpg,in
942.jpg,in
943.jpg,in
944.jpg,in
945.jpg,on the top of
946.jpg,in
950.jpg,in
951.jpg,in
952.jpg,hold
953.jpg,hold
954.jpg,hold
955.jpg,hold
956.jpg,hold
957.jpg,in
958.jpg,hold
959.jpg,hold
960.jpg,hold
962.jpg,hold
963.jpg,hold
964.jpg,hold
965.jpg,hold
966.jpg,hold
967.jpg,hold
968.jpg,in
969.jpg,hold
970.jpg,hold
971.jpg,hold
973.jpg,hold
974.jpg,hold
975.jpg,in
976.jpg,in
977.jpg,in
978.jpg,in
979.jpg,in
980.jpg,in
981.jpg,in
982.jpg,in
983.jpg,in
984.jpg,in
985.jpg,in
986.jpg,in
987.jpg,in
988.jpg,in
989.jpg,in
990.jpg,in
991.jpg,in
992.jpg,in
993.jpg,in
994.jpg,inside
995.jpg,inside
996.jpg,inside
997.jpg,in
998.jpg,inside
999.jpg,inside
1000.jpg,inside
1001.jpg,in
1002.jpg,on the top of
1004.jpg,ride
1005.jpg,ride
1006.jpg,ride
1007.jpg,ride
1008.jpg,ride
1009.jpg,ride
1010.jpg,ride
1011.jpg,ride
1012.jpg,in
1013.jpg,ride
1014.jpg,ride
1015.jpg,ride
1016.jpg,taller than
1017.jpg,taller than
1018.jpg,taller than
1019.jpg,taller than
1020.jpg,taller than
1021.jpg,taller than
1022.jpg,taller than
1023.jpg,in
1024.jpg,taller than
1025.jpg,taller than
1026.jpg,taller than
1027.jpg,taller than
1028.jpg,taller than
1029.jpg,sleep on
1030.jpg,taller than
1031.jpg,sleep on
1032.jpg,taller than
1033.jpg,taller than
1035.jpg,under
1036.jpg,under
1037.jpg,under
1038.jpg,under
1039.jpg,under
1040.jpg,under
1041.jpg,under
1042.jpg,under
1043.jpg,under
1044.jpg,under
1045.jpg,in
1046.jpg,under
1047.jpg,under
1048.jpg,under
1049.jpg,under
1050.jpg,under
1051.jpg,under
1052.jpg,under
1053.jpg,under
1054.jpg,under
1055.jpg,under
1056.jpg,on the top of
1057.jpg,in
1058.jpg,under
1059.jpg,under
1060.jpg,under
1061.jpg,under
1062.jpg,under
1063.jpg,under
1064.jpg,under
1065.jpg,under
1066.jpg,under
1067.jpg,on the top of
1068.jpg,taller than
1069.jpg,on the top of
1070.jpg,on the top of
1071.jpg,on the top of
1072.jpg,on the top of
1073.jpg,on the top of
1074.jpg,on the top of
1075.jpg,on the top of
1076.jpg,on the top of
1078.jpg,on the top of
1079.jpg,taller than
1080.jpg,carry
1081.jpg,carry
1082.jpg,on the top of
1083.jpg,on the top of
1084.jpg,inside
1085.jpg,hold
1086.jpg,inside
1087.jpg,wear
1088.jpg,above
1089.jpg,has
1090.jpg,taller than
1091.jpg,wear
1092.jpg,on the top of
1093.jpg,ride
1094.jpg,wear
1095.jpg,wear
1096.jpg,on the top of
1097.jpg,in
1098.jpg,taller than
1099.jpg,taller than
1100.jpg,taller than
1101.jpg,taller than
1102.jpg,taller than
1103.jpg,taller than
1104.jpg,on the top of
1105.jpg,taller than
1106.jpg,taller than
1107.jpg,taller than
1108.jpg,taller than
1110.jpg,under
1111.jpg,taller than
1112.jpg,taller than
1113.jpg,taller than
1114.jpg,taller than
1115.jpg,on the top of
1117.jpg,in
1118.jpg,in
1119.jpg,hold
1120.jpg,hold
1121.jpg,hold
1122.jpg,hold
1123.jpg,hold
1124.jpg,hold
1125.jpg,hold
1126.jpg,on the top of
1127.jpg,hold
1128.jpg,hold
1129.jpg,hold
1130.jpg,hold
1131.jpg,hold
1132.jpg,hold
1133.jpg,hold
1134.jpg,hold
1135.jpg,hold
1136.jpg,hold
1137.jpg,above
1150.jpg,taller than
1160.jpg,taller than
1162.jpg,taller than
1163.jpg,taller than
1164.jpg,taller than
1166.jpg,in
1167.jpg,on the top of
1169.jpg,on the top of
1174.jpg,in
1177.jpg,under
1182.jpg,on the top of
1186.jpg,above
1189.jpg,in
1194.jpg,in
1195.jpg,in
1196.jpg,on the top of
